Market_ID,Region,Market_Name,Crop,Market_Price_Naira,Date
M001,North,Abuja,Rice,289.74,05/05/24
M002,South,Abuja,Sorghum,238.94,14/02/24
M003,West,Abuja,Maize,231.27,17/02/24
M004,South,Ibadan,Sorghum,231.27,14/01/24
M005,South,Ibadan,Yam,,22/04/24
M006,Central,Kano,Maize,311.39,22/03/24
M007,West,Kano,Rice,212.44,20/03/24
M008,East,Abuja,Maize,293.4,13/07/24
M009,East,Kano,Sorghum,269.36,15/05/24
M010,West,Ibadan,Maize,96.94,12/07/24
M011,Central,Kano,Sorghum,168.97,04/07/24
M012,South,Abuja,Maize,275.14,04/12/24
M013,East,Abuja,Cassava,367.25,21/02/24
M014,East,Enugu,Rice,231.94,24/03/24
M015,East,Lagos,Rice,206.45,25/12/24
M016,North,Ibadan,Cassava,258.87,30/09/24
M017,South,Lagos,Yam,201.95,13/07/24
M018,Central,Lagos,Rice,226.66,29/01/24
M019,North,Kano,Yam,,17/05/24
M020,South,Ibadan,Rice,165.38,18/04/24
M021,West,Enugu,Yam,315.8,14/03/24
M022,South,Lagos,Sorghum,152.33,02/10/24
M023,Central,Enugu,Sorghum,143.75,23/07/24
M024,South,Lagos,Sorghum,265.75,09/09/24
M025,North,Abuja,Cassava,309.08,17/11/24
M026,West,Ibadan,Maize,263.71,16/07/24
M027,Central,Enugu,Sorghum,240.75,08/05/24
M028,North,Abuja,Sorghum,225.91,16/05/24
M029,East,Abuja,Rice,213.15,10/08/24
M030,West,Abuja,Rice,334.57,13/09/24
M031,Central,Abuja,Rice,275.93,23/11/24
M032,Central,Lagos,Cassava,219.19,10/07/24
M033,Central,Ibadan,Maize,,02/11/24
M034,West,Abuja,Maize,298.93,04/07/24
M035,South,Abuja,Cassava,332.48,17/10/24
M036,North,Enugu,Maize,324.5,29/09/24
M037,South,Enugu,Sorghum,182.86,25/03/24
M038,Central,Ibadan,Yam,225.26,18/04/24
M039,South,Kano,Yam,211.67,09/12/24
M040,East,Enugu,Sorghum,235.15,19/08/24
M041,South,Lagos,Maize,315,22/06/24
M042,Central,Ibadan,Cassava,358.5,28/10/24
M043,North,Abuja,Maize,278.93,27/04/24
M044,North,Kano,Maize,198.39,20/09/24
M045,East,Enugu,Cassava,247.13,03/10/24
M046,Central,Ibadan,Yam,375.17,04/05/24
M047,West,Lagos,Maize,256.96,19/02/24
M048,West,Kano,Yam,226.08,29/07/24
M049,North,Abuja,Maize,232.43,25/07/24
M050,East,Abuja,Cassava,278.57,08/04/24
M051,Central,Enugu,Cassava,185.32,04/08/24
M052,East,Enugu,Cassava,209.86,08/02/24
M053,Central,Abuja,Maize,323.23,29/11/24
M054,North,Abuja,Cassava,276.3,26/03/24
M055,West,Enugu,Cassava,257.77,24/07/24
M056,South,Enugu,Maize,327.49,18/07/24
M057,West,Kano,Yam,193.84,22/12/24
M058,Central,Enugu,Cassava,223.79,07/04/24
M059,South,Abuja,Sorghum,,04/10/24
M060,East,Abuja,Maize,270.88,26/10/24
M061,Central,Ibadan,Cassava,136.77,30/01/24
M062,North,Lagos,Maize,216.35,31/10/24
M063,South,Enugu,Maize,237.1,18/10/24
M064,Central,Ibadan,Maize,282.32,13/11/24
M065,West,Ibadan,Sorghum,270.6,24/09/24
M066,East,Lagos,Rice,244.04,02/05/24
M067,West,Lagos,Rice,96.5,22/08/24
M068,North,Abuja,Yam,,14/11/24
M069,North,Abuja,Sorghum,254.82,19/04/24
M070,East,Lagos,Rice,447.06,05/02/24
M071,East,Kano,Cassava,234.61,12/08/24
M072,East,Ibadan,Sorghum,274.12,05/01/24
M073,Central,Kano,Maize,341.43,09/03/24
M074,North,Abuja,Sorghum,310.15,20/03/24
M075,East,Ibadan,Cassava,362.22,24/06/24
M076,East,Ibadan,Yam,137.85,08/05/24
M077,North,Enugu,Rice,,23/01/24
M078,East,Lagos,Rice,204.7,23/03/24
M079,West,Ibadan,Yam,125.95,14/10/24
M080,North,Abuja,Cassava,255.49,06/10/24
M081,East,Ibadan,Sorghum,176.45,16/03/24
M082,South,Abuja,Rice,373.99,05/07/24
M083,East,Lagos,Cassava,187.34,07/12/24
M084,East,Ibadan,Yam,224.24,13/11/24
M085,South,Lagos,Cassava,315.08,31/03/24
M086,North,Lagos,Rice,151.53,29/07/24
M087,South,Kano,Cassava,121.4,25/12/24
M088,West,Abuja,Yam,264.77,23/04/24
M089,West,Kano,Rice,270.79,26/04/24
M090,North,Lagos,Yam,312.55,17/06/24
M091,North,Kano,Rice,291.76,24/11/24
M092,West,Ibadan,Rice,273.76,15/01/24
M093,East,Lagos,Sorghum,195.6,15/05/24
M094,North,Ibadan,Yam,268.58,25/06/24
M095,East,Enugu,Sorghum,,18/09/24
M096,West,Ibadan,Cassava,192.85,10/05/24
M097,West,Abuja,Sorghum,399.26,02/10/24
M098,South,Kano,Yam,287.91,05/02/24
M099,East,Ibadan,Rice,172.03,05/12/24
M100,East,Ibadan,Rice,312.97,07/12/24
M101,East,Enugu,Rice,327.07,10/10/24
M102,South,Enugu,Yam,283.02,12/12/24
M103,South,Ibadan,Sorghum,230.37,03/06/24
M104,Central,Abuja,Rice,189.7,26/05/24
M105,West,Ibadan,Sorghum,243.83,01/12/24
M106,West,Enugu,Yam,277.29,11/12/24
M107,Central,Enugu,Cassava,251.04,03/12/24
M108,East,Ibadan,Sorghum,366.28,20/06/24
M109,South,Kano,Cassava,300.05,11/04/24
M110,North,Abuja,Cassava,,31/08/24
M111,North,Enugu,Yam,164.33,18/11/24
M112,South,Enugu,Yam,288.6,23/07/24
M113,South,Abuja,Maize,,05/08/24
M114,South,Ibadan,Yam,307.12,26/01/24
M115,South,Abuja,Yam,287.86,09/03/24
M116,Central,Ibadan,Sorghum,244.17,11/06/24
M117,Central,Ibadan,Yam,182.26,07/10/24
M118,South,Enugu,Yam,128.81,12/05/24
M119,East,Ibadan,Yam,267.13,16/11/24
M120,East,Enugu,Maize,150.34,31/12/24
M121,South,Kano,Rice,179.29,12/06/24
M122,North,Lagos,Cassava,262.3,28/04/24
M123,South,Lagos,Maize,254.66,31/07/24
M124,East,Ibadan,Yam,158.56,31/07/24
M125,South,Enugu,Yam,336.64,26/10/24
M126,North,Ibadan,Yam,334.3,01/09/24
M127,East,Kano,Yam,291.2,02/08/24
M128,Central,Ibadan,Cassava,291.1,06/09/24
M129,East,Enugu,Yam,291.2,15/01/24
M130,East,Enugu,Cassava,558.22,27/08/24
M131,Central,Ibadan,Maize,326.32,20/07/24
M132,Central,Abuja,Maize,302.11,25/11/24
M133,South,Enugu,Cassava,188.17,26/01/24
M134,West,Kano,Cassava,,20/08/24
M135,East,Enugu,Rice,435.17,03/08/24
M136,North,Enugu,Maize,100.62,03/10/24
M137,East,Lagos,Maize,212.25,29/11/24
M138,North,Lagos,Cassava,337.12,11/01/24
M139,South,Lagos,Cassava,192.78,30/08/24
M140,North,Ibadan,Cassava,304.37,26/08/24
M141,East,Kano,Cassava,253.65,06/11/24
M142,North,Lagos,Rice,197.87,25/02/24
M143,North,Kano,Sorghum,87.99,12/12/24
M144,West,Lagos,Maize,264.92,30/10/24
M145,South,Abuja,Rice,,16/12/24
M146,North,Ibadan,Maize,240.82,26/06/24
M147,West,Kano,Maize,290.4,16/09/24
M148,East,Abuja,Yam,319.26,07/09/24
M149,West,Kano,Yam,212,28/12/24
M150,West,Lagos,Sorghum,197.73,29/11/24
M151,Central,Ibadan,Yam,149.13,26/08/24
M152,Central,Kano,Rice,323.43,05/05/24
M153,East,Enugu,Cassava,419.77,25/08/24
M154,Central,Enugu,Rice,332.6,15/01/24
M155,East,Lagos,Yam,,18/04/24
M156,East,Kano,Rice,193.39,01/11/24
M157,East,Ibadan,Maize,285.51,21/09/24
M158,North,Lagos,Yam,311.97,07/09/24
M159,South,Enugu,Yam,9.3,17/08/24
M160,North,Kano,Cassava,168.05,26/07/24
M161,South,Kano,Sorghum,380.59,07/07/24
M162,Central,Ibadan,Rice,,05/08/24
M163,Central,Kano,Rice,365.3,25/12/24
M164,East,Kano,Rice,135.13,28/04/24
M165,South,Kano,Maize,171.48,01/10/24
M166,South,Lagos,Cassava,286.97,04/09/24
M167,Central,Ibadan,Sorghum,255.58,24/05/24
M168,South,Kano,Cassava,219.17,03/07/24
M169,East,Abuja,Sorghum,376.88,05/03/24
M170,North,Abuja,Sorghum,150.97,29/05/24
M171,South,Enugu,Maize,237.86,07/01/24
M172,East,Enugu,Yam,297.07,13/08/24
M173,South,Abuja,Rice,272.48,01/09/24
M174,North,Enugu,Yam,200.18,07/02/24
M175,North,Lagos,Cassava,202.85,15/10/24
M176,North,Lagos,Maize,317.97,12/10/24
M177,Central,Ibadan,Sorghum,321.97,25/04/24
M178,West,Enugu,Yam,274.58,01/06/24
M179,West,Kano,Sorghum,183.68,13/11/24
M180,Central,Abuja,Cassava,205.19,16/11/24
M181,East,Abuja,Cassava,248.33,02/05/24
M182,Central,Abuja,Cassava,259.39,02/01/24
M183,West,Ibadan,Yam,293.77,29/05/24
M184,South,Kano,Rice,233.82,25/12/24
M185,North,Lagos,Rice,316.03,16/11/24
M186,South,Enugu,Maize,315.08,05/10/24
M187,South,Kano,Cassava,354.44,06/02/24
M188,South,Kano,Sorghum,251.68,18/10/24
M189,West,Abuja,Yam,275.93,18/12/24
M190,West,Kano,Sorghum,239.59,03/10/24
M191,West,Abuja,Sorghum,184.54,21/01/24
M192,East,Ibadan,Rice,417.39,14/01/24
M193,South,Ibadan,Sorghum,342.65,11/01/24
M194,East,Ibadan,Maize,313.33,30/03/24
M195,Central,Enugu,Rice,249.02,02/04/24
M196,West,Enugu,Maize,178.22,28/08/24
M197,West,Kano,Rice,328.01,09/12/24
M198,South,Kano,Yam,238.24,21/12/24
M199,East,Enugu,Sorghum,283.03,19/01/24
M200,North,Kano,Rice,204.9,14/06/24
M201,West,Ibadan,Maize,269.6,02/12/24
M202,West,Enugu,Maize,209.44,06/04/24
M203,East,Ibadan,Yam,212.32,16/11/24
M204,North,Lagos,Rice,268.56,08/10/24
M205,East,Enugu,Yam,134.15,03/03/24
M206,Central,Lagos,Cassava,137.4,08/06/24
M207,North,Ibadan,Yam,192.52,17/02/24
M208,North,Enugu,Maize,232.92,27/11/24
M209,West,Kano,Sorghum,318.61,27/12/24
M210,West,Enugu,Yam,237.2,04/05/24
M211,Central,Lagos,Yam,248.52,07/04/24
M212,Central,Lagos,Maize,226.91,21/05/24
M213,East,Ibadan,Rice,275.82,02/01/24
M214,East,Ibadan,Sorghum,183.82,03/12/24
M215,South,Enugu,Sorghum,241.3,04/09/24
M216,East,Ibadan,Sorghum,282.14,12/07/24
M217,East,Lagos,Cassava,267.93,19/10/24
M218,South,Enugu,Maize,251.01,11/06/24
M219,West,Enugu,Yam,251.96,05/12/24
M220,South,Enugu,Maize,289.84,05/03/24
M221,Central,Kano,Maize,422.25,13/08/24
M222,Central,Enugu,Maize,188.61,14/03/24
M223,South,Abuja,Yam,425.18,15/05/24
M224,Central,Enugu,Maize,185.34,17/06/24
M225,Central,Enugu,Rice,80.09,16/11/24
M226,West,Ibadan,Maize,207.94,12/11/24
M227,South,Kano,Cassava,277.34,16/02/24
M228,North,Abuja,Yam,400.09,26/03/24
M229,East,Abuja,Maize,178.13,15/06/24
M230,East,Kano,Rice,289.35,08/08/24
M231,South,Ibadan,Yam,144.38,16/10/24
M232,South,Lagos,Cassava,396.52,10/02/24
M233,West,Ibadan,Cassava,344.36,11/09/24
M234,South,Lagos,Yam,212.47,22/11/24
M235,West,Kano,Maize,112.95,26/08/24
M236,Central,Lagos,Maize,358.31,14/08/24
M237,Central,Kano,Yam,240.84,19/12/24
M238,West,Kano,Cassava,349.03,15/07/24
M239,North,Lagos,Yam,250.42,19/10/24
M240,Central,Kano,Rice,253.76,12/01/24
M241,West,Kano,Maize,213.99,16/10/24
M242,North,Ibadan,Yam,299.83,26/05/24
M243,Central,Kano,Cassava,259.62,21/11/24
M244,Central,Kano,Cassava,291.16,17/11/24
M245,North,Kano,Yam,127.27,18/01/24
M246,East,Lagos,Maize,352.21,31/05/24
M247,West,Lagos,Cassava,374.09,08/03/24
M248,East,Ibadan,Sorghum,259.25,19/05/24
M249,East,Enugu,Rice,414.86,22/06/24
M250,West,Abuja,Cassava,390.43,25/04/24
M251,West,Ibadan,Rice,301.63,16/02/24
M252,North,Kano,Sorghum,359.49,04/03/24
M253,East,Kano,Sorghum,334.67,14/07/24
M254,East,Abuja,Cassava,109.3,29/08/24
M255,Central,Ibadan,Rice,228.45,08/11/24
M256,North,Enugu,Rice,307.4,28/11/24
M257,North,Lagos,Maize,380.29,20/01/24
M258,West,Abuja,Maize,139.59,30/04/24
M259,South,Enugu,Yam,113.73,08/07/24
M260,Central,Enugu,Sorghum,245.56,20/03/24
M261,North,Enugu,Sorghum,84.6,27/07/24
M262,North,Kano,Cassava,242.87,15/08/24
M263,South,Kano,Maize,279.33,17/12/24
M264,Central,Kano,Maize,174.81,22/07/24
M265,South,Abuja,Yam,244.99,16/02/24
M266,South,Ibadan,Maize,326.41,26/01/24
M267,South,Lagos,Sorghum,207.58,15/04/24
M268,Central,Lagos,Sorghum,186.57,20/04/24
M269,East,Lagos,Sorghum,241.44,02/01/24
M270,South,Lagos,Sorghum,167.18,08/05/24
M271,North,Abuja,Cassava,,08/01/24
M272,South,Ibadan,Rice,252.82,09/01/24
M273,East,Abuja,Cassava,194.02,03/08/24
M274,North,Abuja,Yam,267.12,17/08/24
M275,Central,Ibadan,Maize,241.01,19/08/24
M276,South,Ibadan,Maize,232.32,03/12/24
M277,East,Enugu,Maize,207.56,01/02/24
M278,West,Enugu,Maize,203.93,08/09/24
M279,West,Abuja,Maize,128.78,13/06/24
M280,South,Abuja,Cassava,359.35,20/05/24
M281,Central,Ibadan,Rice,296.12,14/07/24
M282,Central,Kano,Yam,274.9,15/09/24
M283,West,Abuja,Maize,239.77,01/12/24
M284,Central,Lagos,Yam,173.56,19/08/24
M285,West,Kano,Yam,,23/07/24
M286,North,Kano,Yam,136.22,09/06/24
M287,East,Kano,Cassava,198.27,17/12/24
M288,North,Abuja,Maize,163.48,17/02/24
M289,North,Kano,Cassava,384.97,11/10/24
M290,Central,Ibadan,Sorghum,320.53,17/06/24
M291,North,Enugu,Rice,256.19,06/12/24
M292,North,Kano,Sorghum,181.1,08/06/24
M293,North,Ibadan,Sorghum,167.02,18/04/24
M294,West,Lagos,Maize,234.77,28/06/24
M295,East,Abuja,Rice,324.09,20/10/24
M296,West,Ibadan,Sorghum,402.75,10/11/24
M297,Central,Abuja,Sorghum,138.11,02/12/24
M298,East,Abuja,Cassava,295.04,19/05/24
M299,East,Kano,Rice,197.95,04/01/24
M300,South,Ibadan,Yam,211.03,05/02/24
M301,North,Abuja,Sorghum,253.88,20/04/24
M302,West,Enugu,Rice,183.52,21/03/24
M303,East,Kano,Sorghum,230.88,01/11/24
M304,North,Lagos,Cassava,177.39,12/11/24
M305,North,Kano,Yam,203.86,04/12/24
M306,West,Ibadan,Yam,310.43,31/07/24
M307,South,Ibadan,Maize,257.95,25/06/24
M308,North,Kano,Sorghum,310.11,06/09/24
M309,East,Abuja,Cassava,196.99,21/07/24
M310,North,Abuja,Cassava,295.65,03/06/24
M311,South,Kano,Rice,119.8,16/06/24
M312,North,Enugu,Yam,253.85,30/03/24
M313,West,Ibadan,Cassava,301.09,13/09/24
M314,East,Abuja,Yam,117.08,22/01/24
M315,North,Enugu,Maize,197.85,09/06/24
M316,West,Ibadan,Yam,253.79,29/12/24
M317,West,Kano,Maize,330.5,26/07/24
M318,East,Lagos,Sorghum,203.85,23/08/24
M319,East,Abuja,Yam,292.38,24/02/24
M320,West,Ibadan,Yam,365.33,25/09/24
M321,West,Kano,Rice,296.17,23/04/24
M322,South,Abuja,Sorghum,233.76,20/11/24
M323,Central,Ibadan,Cassava,279.69,27/06/24
M324,South,Lagos,Maize,201.68,15/03/24
M325,South,Lagos,Sorghum,256.93,19/03/24
M326,North,Lagos,Yam,237.55,25/08/24
M327,Central,Enugu,Sorghum,277.01,25/11/24
M328,Central,Kano,Rice,217.05,18/03/24
M329,North,Enugu,Yam,281.56,19/11/24
M330,East,Ibadan,Maize,216.32,29/06/24
M331,North,Kano,Yam,319.69,19/08/24
M332,North,Kano,Rice,223.92,09/02/24
M333,North,Ibadan,Sorghum,86.95,16/09/24
M334,West,Ibadan,Sorghum,169.35,22/01/24
M335,Central,Lagos,Rice,251.47,05/11/24
M336,Central,Lagos,Maize,384.11,18/08/24
M337,East,Abuja,Sorghum,316.35,26/11/24
M338,North,Lagos,Yam,73.11,12/08/24
M339,Central,Ibadan,Cassava,131.71,05/07/24
M340,East,Enugu,Yam,341.5,22/06/24
M341,Central,Abuja,Rice,300.62,03/02/24
M342,North,Ibadan,Yam,431.66,25/05/24
M343,Central,Lagos,Rice,213.25,11/02/24
M344,South,Kano,Rice,182.01,01/12/24
M345,West,Lagos,Sorghum,255.73,28/12/24
M346,East,Ibadan,Yam,211.79,25/11/24
M347,South,Ibadan,Maize,333,26/11/24
M348,West,Ibadan,Rice,209.2,10/01/24
M349,East,Lagos,Cassava,228.41,23/06/24
M350,South,Lagos,Cassava,171.7,20/03/24
M351,East,Abuja,Sorghum,310.56,03/10/24
M352,Central,Abuja,Rice,176.23,12/11/24
M353,Central,Enugu,Cassava,283.07,24/03/24
M354,Central,Lagos,Yam,400.14,23/01/24
M355,East,Lagos,Yam,107.7,08/11/24
M356,West,Lagos,Sorghum,369.68,02/05/24
M357,West,Lagos,Rice,272.4,13/12/24
M358,West,Enugu,Rice,159.96,14/07/24
M359,Central,Enugu,Cassava,258.75,12/04/24
M360,South,Kano,Maize,308.06,24/11/24
M361,East,Ibadan,Maize,186.76,30/12/24
M362,North,Kano,Maize,287.72,23/03/24
M363,West,Ibadan,Cassava,377.45,11/08/24
M364,South,Enugu,Rice,209.1,14/01/24
M365,North,Enugu,Sorghum,170.83,10/07/24
M366,West,Abuja,Rice,239.94,24/04/24
M367,East,Abuja,Rice,254.46,15/03/24
M368,North,Kano,Yam,337.54,22/12/24
M369,West,Enugu,Sorghum,237.36,03/01/24
M370,North,Kano,Cassava,,17/03/24
M371,Central,Ibadan,Yam,169.03,26/02/24
M372,South,Kano,Maize,117.61,25/01/24
M373,West,Ibadan,Yam,146.8,02/02/24
M374,West,Ibadan,Sorghum,146.39,09/01/24
M375,Central,Ibadan,Cassava,229.23,14/03/24
M376,West,Abuja,Sorghum,129.75,29/06/24
M377,Central,Enugu,Cassava,34.25,06/12/24
M378,North,Ibadan,Rice,245.66,04/02/24
M379,Central,Ibadan,Sorghum,,10/10/24
M380,West,Enugu,Maize,340.13,21/11/24
M381,East,Kano,Maize,228.49,01/07/24
M382,East,Lagos,Maize,161.48,24/10/24
M383,East,Lagos,Maize,455.87,29/06/24
M384,East,Lagos,Yam,254.74,22/12/24
M385,South,Lagos,Maize,265.85,22/08/24
M386,East,Lagos,Maize,238.45,12/04/24
M387,East,Kano,Sorghum,247.38,22/07/24
M388,West,Kano,Maize,206.53,27/11/24
M389,East,Kano,Maize,229.6,01/12/24
M390,East,Abuja,Rice,370.32,11/08/24
M391,West,Enugu,Rice,349.69,05/04/24
M392,West,Kano,Sorghum,84.13,16/05/24
M393,West,Abuja,Yam,137.4,04/11/24
M394,Central,Kano,Rice,187.77,22/02/24
M395,East,Kano,Rice,,16/08/24
M396,West,Lagos,Yam,351.72,28/06/24
M397,North,Kano,Sorghum,,10/08/24
M398,North,Abuja,Yam,159.68,05/07/24
M399,South,Abuja,Cassava,208.04,07/11/24
M400,West,Abuja,Cassava,289.15,04/02/24
M401,East,Kano,Yam,230.77,17/10/24
M402,Central,Lagos,Yam,220.01,08/07/24
M403,West,Abuja,Sorghum,221.12,11/03/24
M404,East,Enugu,Rice,342.75,28/11/24
M405,South,Abuja,Maize,,05/04/24
M406,Central,Enugu,Sorghum,225.24,01/03/24
M407,East,Enugu,Cassava,276.09,09/11/24
M408,West,Lagos,Maize,149.91,10/03/24
M409,West,Lagos,Yam,208.18,14/02/24
M410,East,Kano,Maize,333.92,08/10/24
M411,East,Kano,Cassava,125.47,30/12/24
M412,South,Kano,Sorghum,298.48,24/04/24
M413,South,Lagos,Cassava,83.45,09/09/24
M414,East,Ibadan,Sorghum,385.72,07/07/24
M415,Central,Lagos,Sorghum,206.41,14/02/24
M416,East,Enugu,Yam,281.93,26/09/24
M417,West,Ibadan,Maize,259.14,05/03/24
M418,North,Enugu,Yam,,14/12/24
M419,East,Lagos,Sorghum,274.62,23/11/24
M420,South,Lagos,Yam,113.19,14/09/24
M421,North,Ibadan,Cassava,263.67,04/06/24
M422,South,Kano,Cassava,235.28,26/06/24
M423,East,Abuja,Rice,,10/04/24
M424,Central,Kano,Cassava,187.74,16/11/24
M425,Central,Ibadan,Maize,265.67,14/09/24
M426,South,Ibadan,Sorghum,171.73,19/03/24
M427,Central,Ibadan,Rice,332.33,15/10/24
M428,North,Abuja,Maize,,24/11/24
M429,East,Lagos,Sorghum,270.48,01/08/24
M430,North,Enugu,Sorghum,328.62,28/05/24
M431,East,Enugu,Cassava,102.73,16/12/24
M432,East,Enugu,Maize,,18/12/24
M433,South,Enugu,Yam,291.41,04/09/24
M434,South,Kano,Sorghum,191.94,14/03/24
M435,East,Kano,Yam,201.08,07/03/24
M436,Central,Ibadan,Maize,137.47,12/06/24
M437,West,Abuja,Rice,171.93,18/08/24
M438,South,Abuja,Maize,334.29,28/05/24
M439,Central,Enugu,Cassava,289.47,22/03/24
M440,Central,Kano,Cassava,264.79,22/03/24
M441,Central,Enugu,Yam,203.95,06/06/24
M442,North,Abuja,Yam,259.76,15/09/24
M443,South,Lagos,Sorghum,341.94,29/06/24
M444,North,Kano,Yam,193.75,01/11/24
M445,West,Kano,Sorghum,247.2,05/01/24
M446,West,Lagos,Rice,391.66,06/07/24
M447,East,Abuja,Yam,306.62,27/01/24
M448,Central,Lagos,Rice,205,10/10/24
M449,North,Enugu,Sorghum,299.74,18/08/24
M450,East,Ibadan,Sorghum,124.38,01/03/24
M451,North,Enugu,Rice,244.05,22/06/24
M452,East,Lagos,Cassava,299.65,04/11/24
M453,West,Ibadan,Maize,280.42,24/01/24
M454,South,Kano,Yam,298.85,22/09/24
M455,South,Ibadan,Sorghum,316.71,12/03/24
M456,Central,Kano,Cassava,286.73,20/07/24
M457,East,Ibadan,Rice,284.37,16/09/24
M458,Central,Enugu,Sorghum,266.62,02/06/24
M459,North,Kano,Rice,163.52,10/12/24
M460,West,Ibadan,Rice,334.25,18/12/24
M461,North,Ibadan,Yam,246.84,15/05/24
M462,Central,Ibadan,Cassava,304.52,27/01/24
M463,West,Lagos,Sorghum,,18/11/24
M464,Central,Enugu,Cassava,208.72,14/12/24
M465,North,Ibadan,Maize,215.24,07/04/24
M466,West,Kano,Yam,225.27,18/03/24
M467,South,Enugu,Sorghum,350.46,09/11/24
M468,North,Lagos,Sorghum,178.43,16/04/24
M469,East,Enugu,Sorghum,365.76,11/07/24
M470,South,Enugu,Sorghum,265.72,24/06/24
M471,East,Kano,Sorghum,271.36,04/09/24
M472,South,Kano,Sorghum,,01/06/24
M473,East,Kano,Cassava,256.58,19/12/24
M474,West,Kano,Yam,335.24,27/06/24
M475,East,Kano,Maize,208.62,20/10/24
M476,Central,Enugu,Yam,362.75,25/06/24
M477,East,Abuja,Rice,214.36,31/12/24
M478,East,Enugu,Rice,366.27,02/09/24
M479,South,Ibadan,Rice,216.39,14/10/24
M480,East,Lagos,Maize,227.46,11/11/24
M481,Central,Lagos,Cassava,,26/01/24
M482,Central,Lagos,Cassava,,27/01/24
M483,West,Kano,Yam,247.23,21/02/24
M484,South,Abuja,Sorghum,268.74,21/03/24
M485,West,Enugu,Cassava,328.75,27/05/24
M486,East,Abuja,Maize,232.88,29/11/24
M487,South,Ibadan,Maize,160.18,30/03/24
M488,South,Abuja,Yam,280.59,10/09/24
M489,East,Abuja,Maize,263.32,01/06/24
M490,Central,Abuja,Rice,289.4,25/05/24
M491,Central,Ibadan,Yam,198.98,09/03/24
M492,West,Kano,Cassava,207.52,27/02/24
M493,South,Enugu,Rice,199.01,05/04/24
M494,East,Kano,Sorghum,345.12,11/12/24
M495,South,Ibadan,Yam,363.64,06/08/24
M496,East,Abuja,Yam,204.34,08/12/24
M497,South,Lagos,Yam,205.82,14/06/24
M498,North,Kano,Yam,300.63,30/04/24
M499,East,Kano,Rice,373.8,25/10/24
M500,Central,Abuja,Rice,393.67,30/11/24
M501,South,Abuja,Maize,200.98,26/08/24
M502,South,Enugu,Sorghum,218.98,26/12/24
M503,North,Kano,Rice,272.87,10/11/24
M504,South,Lagos,Yam,276.76,19/03/24
M505,Central,Kano,Yam,235.84,25/12/24
M506,West,Ibadan,Cassava,186.14,06/05/24
M507,Central,Abuja,Sorghum,247.35,16/08/24
M508,East,Abuja,Sorghum,393.56,27/02/24
M509,Central,Ibadan,Cassava,208.59,20/10/24
M510,South,Lagos,Rice,267.9,23/09/24
M511,North,Lagos,Sorghum,452.15,07/09/24
M512,Central,Enugu,Maize,207.53,20/08/24
M513,Central,Enugu,Yam,304.55,15/10/24
M514,Central,Enugu,Rice,397.74,12/01/24
M515,East,Abuja,Cassava,297.25,23/10/24
M516,North,Enugu,Rice,338.7,24/12/24
M517,Central,Abuja,Maize,315.64,29/08/24
M518,East,Enugu,Cassava,290.58,10/03/24
M519,West,Kano,Yam,360.57,17/08/24
M520,West,Abuja,Sorghum,301.9,09/03/24
M521,East,Abuja,Cassava,236.63,02/10/24
M522,Central,Lagos,Cassava,261.74,02/01/24
M523,East,Enugu,Sorghum,279.49,05/08/24
M524,West,Lagos,Cassava,218.53,23/08/24
M525,South,Kano,Cassava,265.29,27/02/24
M526,West,Ibadan,Maize,253.71,03/05/24
M527,North,Abuja,Sorghum,301.64,18/01/24
M528,Central,Abuja,Cassava,423.06,23/01/24
M529,West,Lagos,Sorghum,269.95,21/04/24
M530,South,Ibadan,Rice,376.2,29/04/24
M531,Central,Kano,Sorghum,298.63,02/11/24
M532,East,Lagos,Rice,264.93,14/03/24
M533,Central,Lagos,Yam,214.29,02/06/24
M534,North,Ibadan,Sorghum,265.53,30/03/24
M535,West,Ibadan,Yam,260.64,25/01/24
M536,West,Ibadan,Rice,193.99,22/12/24
M537,West,Lagos,Rice,205.29,11/07/24
M538,Central,Enugu,Cassava,,25/04/24
M539,South,Enugu,Maize,375.24,14/10/24
M540,West,Ibadan,Sorghum,244.74,09/03/24
M541,South,Kano,Cassava,134.16,18/06/24
M542,North,Enugu,Rice,74.1,17/02/24
M543,South,Abuja,Rice,168.3,12/07/24
M544,Central,Ibadan,Maize,306.67,07/02/24
M545,Central,Ibadan,Cassava,147.58,02/09/24
M546,East,Kano,Maize,319.8,18/04/24
M547,North,Enugu,Cassava,302.02,22/12/24
M548,South,Enugu,Cassava,242.07,09/10/24
M549,East,Enugu,Yam,127.96,30/09/24
M550,East,Kano,Rice,194.65,03/07/24
M551,West,Enugu,Maize,230.7,28/08/24
M552,South,Kano,Rice,,30/07/24
M553,Central,Lagos,Cassava,149.88,09/01/24
M554,Central,Ibadan,Sorghum,365.5,01/08/24
M555,South,Lagos,Rice,277.42,27/04/24
M556,Central,Lagos,Yam,286.54,08/10/24
M557,East,Kano,Yam,301.42,24/11/24
M558,West,Enugu,Cassava,,29/06/24
M559,South,Ibadan,Yam,265.72,04/04/24
M560,North,Ibadan,Maize,306.72,08/02/24
M561,North,Abuja,Yam,195.89,11/03/24
M562,South,Abuja,Cassava,394.08,05/01/24
M563,Central,Enugu,Rice,260.25,31/01/24
M564,Central,Enugu,Yam,195.52,09/01/24
M565,Central,Ibadan,Yam,,07/01/24
M566,Central,Kano,Sorghum,98.84,26/05/24
M567,Central,Enugu,Cassava,213.82,24/02/24
M568,Central,Lagos,Cassava,56.09,08/04/24
M569,Central,Kano,Rice,312.86,16/05/24
M570,North,Kano,Yam,,23/08/24
M571,South,Lagos,Rice,172.64,16/12/24
M572,North,Abuja,Yam,246.18,13/07/24
M573,Central,Enugu,Maize,249.71,22/11/24
M574,South,Abuja,Yam,157.33,10/08/24
M575,East,Ibadan,Maize,232.32,27/09/24
M576,South,Lagos,Sorghum,252.15,31/08/24
M577,North,Abuja,Rice,,05/10/24
M578,North,Lagos,Rice,195.44,09/01/24
M579,Central,Lagos,Yam,169.87,09/02/24
M580,South,Ibadan,Cassava,227.51,17/10/24
M581,Central,Kano,Yam,204.31,12/03/24
M582,North,Ibadan,Rice,295.81,28/01/24
M583,West,Lagos,Maize,,23/06/24
M584,Central,Ibadan,Yam,323.97,16/06/24
M585,East,Enugu,Yam,254.77,26/04/24
M586,Central,Enugu,Yam,198.25,05/04/24
M587,Central,Enugu,Maize,321.62,12/11/24
M588,South,Abuja,Maize,300.81,17/05/24
M589,West,Lagos,Yam,355.39,11/06/24
M590,North,Abuja,Maize,265.81,06/06/24
M591,East,Kano,Maize,388.88,08/03/24
M592,South,Enugu,Yam,265.83,12/10/24
M593,Central,Enugu,Maize,197.89,14/01/24
M594,East,Ibadan,Maize,211.29,01/11/24
M595,East,Enugu,Maize,291.83,29/05/24
M596,West,Abuja,Sorghum,204.1,04/05/24
M597,Central,Lagos,Yam,388.2,27/03/24
M598,East,Kano,Rice,284.91,09/09/24
M599,North,Lagos,Yam,253.04,21/05/24
M600,East,Enugu,Maize,259.6,03/07/24
M601,South,Enugu,Sorghum,229.41,11/11/24
M602,West,Abuja,Cassava,116.51,04/06/24
M603,West,Kano,Sorghum,211.35,13/07/24
M604,West,Kano,Yam,375.92,29/11/24
M605,South,Kano,Rice,267.96,04/11/24
M606,South,Enugu,Rice,333.77,31/03/24
M607,East,Kano,Yam,336.29,21/10/24
M608,East,Enugu,Rice,246.92,20/07/24
M609,North,Ibadan,Cassava,302.19,30/10/24
M610,South,Ibadan,Maize,123.89,24/08/24
M611,South,Enugu,Rice,368.12,20/12/24
M612,West,Enugu,Cassava,360.41,20/11/24
M613,South,Kano,Cassava,289.52,04/08/24
M614,North,Enugu,Sorghum,270.85,02/09/24
M615,West,Ibadan,Sorghum,247.96,20/12/24
M616,Central,Abuja,Rice,343.82,25/12/24
M617,Central,Abuja,Maize,311.74,07/05/24
M618,East,Lagos,Sorghum,22.12,23/01/24
M619,West,Kano,Yam,221,24/02/24
M620,North,Kano,Cassava,160.43,18/09/24
M621,Central,Ibadan,Sorghum,146.43,18/12/24
M622,South,Enugu,Rice,342.87,19/07/24
M623,Central,Ibadan,Cassava,246.25,25/06/24
M624,West,Abuja,Rice,288.16,31/07/24
M625,North,Lagos,Rice,256.15,08/06/24
M626,West,Lagos,Sorghum,147.36,04/09/24
M627,West,Abuja,Yam,125.47,22/12/24
M628,East,Abuja,Rice,215.75,23/01/24
M629,North,Abuja,Rice,,27/11/24
M630,South,Lagos,Sorghum,222.06,30/03/24
M631,South,Kano,Sorghum,224.27,06/08/24
M632,South,Enugu,Cassava,416.14,05/04/24
M633,West,Enugu,Maize,332.42,10/11/24
M634,West,Ibadan,Yam,269.1,18/07/24
M635,South,Lagos,Rice,244.27,26/12/24
M636,Central,Abuja,Sorghum,247.02,05/04/24
M637,East,Lagos,Yam,308.61,28/02/24
M638,West,Ibadan,Rice,243.54,01/11/24
M639,Central,Enugu,Sorghum,323.31,28/02/24
M640,East,Enugu,Sorghum,277.72,29/03/24
M641,East,Ibadan,Sorghum,417.07,13/02/24
M642,South,Kano,Maize,,02/05/24
M643,North,Lagos,Rice,338.65,21/12/24
M644,Central,Enugu,Yam,166.81,01/11/24
M645,Central,Enugu,Yam,200.1,05/04/24
M646,Central,Lagos,Sorghum,403.12,26/03/24
M647,East,Lagos,Cassava,319.61,10/06/24
M648,Central,Abuja,Rice,289.65,05/01/24
M649,South,Lagos,Yam,442.27,14/10/24
M650,West,Enugu,Yam,245.39,31/07/24
M651,West,Enugu,Cassava,338.44,12/02/24
M652,North,Lagos,Rice,344.96,17/01/24
M653,South,Ibadan,Rice,380.67,27/03/24
M654,Central,Enugu,Sorghum,158.29,18/09/24
M655,Central,Abuja,Rice,244.87,05/10/24
M656,Central,Abuja,Yam,276.3,06/10/24
M657,West,Abuja,Cassava,379.1,01/06/24
M658,West,Kano,Rice,286.28,14/02/24
M659,North,Lagos,Cassava,345.16,28/10/24
M660,East,Ibadan,Yam,151.79,25/03/24
M661,South,Lagos,Cassava,226.19,31/01/24
M662,East,Ibadan,Rice,360.06,01/11/24
M663,South,Kano,Rice,236.15,28/05/24
M664,East,Ibadan,Maize,251.25,10/03/24
M665,North,Kano,Cassava,377.56,25/12/24
M666,South,Lagos,Rice,182.24,06/05/24
M667,West,Enugu,Cassava,198.88,22/10/24
M668,East,Enugu,Yam,144.15,19/08/24
M669,North,Enugu,Sorghum,381.36,22/05/24
M670,East,Enugu,Yam,330.79,16/06/24
M671,North,Abuja,Yam,328.54,21/11/24
M672,East,Abuja,Sorghum,224.01,22/07/24
M673,West,Lagos,Yam,138.83,17/05/24
M674,East,Kano,Sorghum,118.37,22/10/24
M675,Central,Enugu,Rice,360.74,15/12/24
M676,North,Abuja,Yam,295.11,09/01/24
M677,South,Enugu,Yam,310.71,01/01/24
M678,South,Lagos,Rice,272.5,22/03/24
M679,North,Kano,Rice,189.68,12/02/24
M680,South,Abuja,Yam,227.55,16/11/24
M681,South,Enugu,Maize,170.91,26/12/24
M682,North,Lagos,Yam,161.71,09/02/24
M683,Central,Lagos,Sorghum,323.47,14/12/24
M684,North,Abuja,Rice,124.36,02/03/24
M685,South,Enugu,Maize,171.4,27/04/24
M686,North,Abuja,Maize,232.03,09/06/24
M687,East,Lagos,Yam,258.43,09/03/24
M688,South,Abuja,Sorghum,143.28,15/10/24
M689,Central,Lagos,Yam,122.56,28/06/24
M690,South,Lagos,Yam,285.24,11/11/24
M691,West,Lagos,Maize,,21/02/24
M692,North,Ibadan,Yam,359.13,28/06/24
M693,East,Lagos,Cassava,259.78,21/05/24
M694,North,Lagos,Sorghum,293.46,03/11/24
M695,Central,Kano,Maize,193.84,03/12/24
M696,South,Ibadan,Sorghum,196.97,17/09/24
M697,West,Kano,Maize,150.49,02/05/24
M698,West,Abuja,Cassava,194.57,12/09/24
M699,Central,Abuja,Sorghum,226.4,07/01/24
M700,East,Lagos,Yam,349.82,18/10/24
M701,East,Ibadan,Cassava,183.17,29/08/24
M702,North,Ibadan,Maize,421.61,08/01/24
M703,South,Abuja,Maize,300.7,22/07/24
M704,East,Ibadan,Yam,283.1,04/08/24
M705,West,Abuja,Sorghum,253.5,02/10/24
M706,South,Kano,Maize,238.24,07/06/24
M707,Central,Lagos,Cassava,205.4,01/10/24
M708,West,Ibadan,Maize,140.42,07/06/24
M709,West,Lagos,Maize,185.71,05/05/24
M710,West,Abuja,Yam,381.13,09/11/24
M711,North,Kano,Cassava,295.52,02/03/24
M712,South,Abuja,Cassava,380.27,11/09/24
M713,Central,Ibadan,Rice,203.47,26/03/24
M714,South,Kano,Maize,168.82,16/01/24
M715,West,Kano,Sorghum,252.73,02/02/24
M716,Central,Abuja,Yam,188.4,21/08/24
M717,East,Abuja,Yam,268.7,17/10/24
M718,East,Lagos,Rice,125.53,22/02/24
M719,North,Lagos,Sorghum,90.5,02/01/24
M720,North,Lagos,Maize,279.92,29/08/24
M721,West,Lagos,Cassava,383.81,19/01/24
M722,West,Lagos,Rice,283.52,07/05/24
M723,East,Kano,Maize,294.67,19/10/24
M724,North,Ibadan,Maize,256.08,01/04/24
M725,Central,Abuja,Yam,263.55,05/02/24
M726,East,Kano,Rice,136.9,14/02/24
M727,West,Abuja,Rice,191.16,12/04/24
M728,Central,Kano,Sorghum,348.89,04/05/24
M729,East,Ibadan,Yam,162.61,10/04/24
M730,Central,Lagos,Cassava,224.69,04/01/24
M731,North,Lagos,Sorghum,347.05,26/06/24
M732,North,Kano,Maize,261.34,02/12/24
M733,East,Abuja,Cassava,265.36,28/09/24
M734,West,Enugu,Maize,225.27,13/03/24
M735,East,Abuja,Maize,,28/04/24
M736,West,Kano,Yam,326.54,13/02/24
M737,North,Ibadan,Cassava,187.12,22/11/24
M738,North,Ibadan,Sorghum,143.5,01/02/24
M739,South,Lagos,Rice,103.1,13/05/24
M740,West,Kano,Rice,290.64,19/08/24
M741,South,Abuja,Cassava,281.09,10/03/24
M742,North,Lagos,Maize,449.44,25/03/24
M743,West,Kano,Yam,256.55,02/03/24
M744,East,Lagos,Yam,242.09,06/06/24
M745,East,Abuja,Maize,271.39,21/03/24
M746,East,Ibadan,Maize,275.74,20/04/24
M747,South,Abuja,Cassava,236,01/07/24
M748,Central,Abuja,Rice,189.54,13/05/24
M749,North,Enugu,Yam,252.25,11/10/24
M750,Central,Lagos,Maize,249.27,24/08/24
M751,South,Abuja,Maize,248,01/02/24
M752,South,Lagos,Yam,315.42,09/07/24
M753,North,Ibadan,Sorghum,250.83,12/05/24
M754,North,Abuja,Cassava,145.05,26/11/24
M755,South,Abuja,Rice,,03/03/24
M756,West,Abuja,Cassava,235.04,20/10/24
M757,West,Enugu,Maize,254.53,14/07/24
M758,West,Lagos,Rice,292.38,19/04/24
M759,East,Kano,Yam,255.16,17/03/24
M760,Central,Ibadan,Sorghum,91.96,05/05/24
M761,East,Enugu,Yam,153.22,08/10/24
M762,North,Abuja,Rice,297.99,15/07/24
M763,West,Lagos,Sorghum,232.92,07/05/24
M764,Central,Abuja,Yam,369.26,31/12/24
M765,West,Ibadan,Yam,261.89,25/06/24
M766,Central,Kano,Yam,223.03,18/05/24
M767,North,Kano,Sorghum,200.93,22/04/24
M768,East,Abuja,Yam,225.8,28/09/24
M769,Central,Lagos,Cassava,262.85,21/02/24
M770,South,Kano,Sorghum,250.24,29/01/24
M771,Central,Enugu,Rice,325.96,29/03/24
M772,South,Ibadan,Rice,131.21,23/12/24
M773,Central,Abuja,Rice,140.65,17/10/24
M774,South,Ibadan,Cassava,232.02,09/09/24
M775,East,Lagos,Yam,293.32,20/01/24
M776,North,Lagos,Sorghum,,22/04/24
M777,Central,Enugu,Maize,,18/06/24
M778,South,Lagos,Rice,42.72,31/03/24
M779,North,Abuja,Cassava,206.3,27/10/24
M780,South,Abuja,Sorghum,281.34,05/07/24
M781,East,Enugu,Sorghum,248.78,21/02/24
M782,East,Kano,Cassava,296.34,21/03/24
M783,West,Enugu,Rice,345.73,30/03/24
M784,Central,Ibadan,Rice,237.32,24/04/24
M785,Central,Lagos,Yam,214.54,06/06/24
M786,East,Lagos,Cassava,179.22,01/01/24
M787,Central,Enugu,Sorghum,140.25,17/01/24
M788,Central,Kano,Sorghum,120.92,23/04/24
M789,Central,Abuja,Yam,196.47,13/03/24
M790,North,Lagos,Rice,333.19,12/06/24
M791,North,Kano,Yam,,06/01/24
M792,South,Lagos,Maize,210.97,28/06/24
M793,North,Abuja,Maize,422.58,16/07/24
M794,West,Lagos,Yam,201.54,09/09/24
M795,East,Ibadan,Yam,354.14,21/02/24
M796,Central,Lagos,Cassava,374.92,19/08/24
M797,North,Kano,Maize,286.8,12/06/24
M798,North,Abuja,Rice,195.78,28/03/24
M799,South,Abuja,Sorghum,220.77,17/02/24
M800,Central,Ibadan,Yam,,26/12/24
M801,West,Lagos,Sorghum,142.23,10/08/24
M802,North,Abuja,Rice,172.27,15/04/24
M803,West,Ibadan,Sorghum,166.25,15/05/24
M804,East,Kano,Cassava,292.93,19/02/24
M805,West,Ibadan,Sorghum,344.86,08/09/24
M806,North,Kano,Maize,,06/08/24
M807,East,Ibadan,Yam,329.68,12/04/24
M808,North,Lagos,Cassava,189.46,22/11/24
M809,North,Enugu,Maize,224.19,06/06/24
M810,West,Enugu,Rice,229.93,16/02/24
M811,Central,Enugu,Cassava,,08/07/24
M812,East,Lagos,Yam,423.2,23/01/24
M813,West,Enugu,Rice,198.52,25/04/24
M814,Central,Abuja,Cassava,324.23,22/12/24
M815,North,Abuja,Rice,372.28,04/10/24
M816,Central,Lagos,Sorghum,290.63,01/02/24
M817,Central,Enugu,Sorghum,220.8,17/12/24
M818,Central,Lagos,Yam,182.86,02/06/24
M819,West,Abuja,Sorghum,166.42,19/10/24
M820,Central,Ibadan,Cassava,92.69,02/03/24
M821,South,Lagos,Cassava,232.3,08/04/24
M822,North,Enugu,Maize,227.85,15/12/24
M823,South,Lagos,Sorghum,318.84,12/05/24
M824,North,Abuja,Yam,203.35,11/10/24
M825,Central,Kano,Rice,236.63,23/09/24
M826,North,Ibadan,Sorghum,272.61,24/09/24
M827,North,Enugu,Cassava,289.28,16/03/24
M828,Central,Ibadan,Maize,308.79,24/02/24
M829,North,Kano,Sorghum,264.48,25/06/24
M830,East,Enugu,Yam,146.25,19/10/24
M831,West,Abuja,Cassava,281.98,21/05/24
M832,South,Ibadan,Sorghum,197.89,14/12/24
M833,West,Abuja,Yam,349.06,18/06/24
M834,South,Abuja,Yam,251.7,17/05/24
M835,North,Kano,Rice,269.26,08/06/24
M836,West,Abuja,Cassava,458.13,09/03/24
M837,West,Kano,Rice,310.27,01/08/24
M838,North,Lagos,Yam,280.49,18/04/24
M839,West,Ibadan,Rice,,29/01/24
M840,South,Abuja,Rice,152.06,29/12/24
M841,West,Lagos,Sorghum,233.28,18/10/24
M842,South,Lagos,Cassava,181.96,30/01/24
M843,North,Enugu,Maize,383.59,03/07/24
M844,South,Kano,Rice,281.57,25/08/24
M845,West,Abuja,Maize,345.73,03/05/24
M846,West,Ibadan,Yam,,31/03/24
M847,Central,Ibadan,Rice,187.21,25/06/24
M848,East,Abuja,Rice,301.86,15/01/24
M849,North,Lagos,Sorghum,179,19/04/24
M850,South,Lagos,Rice,215,29/11/24
M851,Central,Abuja,Maize,388.16,30/08/24
M852,South,Ibadan,Maize,218.03,24/04/24
M853,Central,Kano,Rice,136.53,04/08/24
M854,East,Enugu,Rice,,21/04/24
M855,East,Ibadan,Sorghum,127.95,22/07/24
M856,North,Abuja,Sorghum,351.01,05/12/24
M857,Central,Ibadan,Sorghum,205.85,24/05/24
M858,North,Enugu,Maize,454.66,21/06/24
M859,East,Kano,Rice,373.37,01/12/24
M860,East,Lagos,Cassava,410.49,21/09/24
M861,North,Ibadan,Yam,331.93,04/12/24
M862,South,Abuja,Yam,297.4,31/05/24
M863,West,Enugu,Yam,184.54,19/01/24
M864,Central,Lagos,Rice,249.73,31/12/24
M865,Central,Enugu,Rice,305.71,16/09/24
M866,South,Ibadan,Cassava,326.42,30/05/24
M867,West,Lagos,Rice,158.66,13/10/24
M868,East,Abuja,Cassava,234.51,30/06/24
M869,East,Enugu,Rice,243.39,09/07/24
M870,Central,Kano,Yam,240.26,01/03/24
M871,North,Ibadan,Sorghum,168.07,13/11/24
M872,West,Lagos,Sorghum,398.33,02/03/24
M873,West,Ibadan,Rice,231.88,30/07/24
M874,South,Lagos,Cassava,173.24,24/06/24
M875,Central,Enugu,Cassava,400.77,10/06/24
M876,South,Abuja,Yam,373.46,19/06/24
M877,South,Kano,Maize,261.27,03/01/24
M878,East,Lagos,Cassava,108.52,22/10/24
M879,West,Abuja,Cassava,212.72,10/11/24
M880,West,Enugu,Yam,122.42,01/09/24
M881,North,Abuja,Sorghum,291.09,12/04/24
M882,East,Abuja,Rice,207.38,28/09/24
M883,North,Abuja,Cassava,247.8,25/04/24
M884,East,Kano,Cassava,391.78,22/02/24
M885,Central,Ibadan,Rice,201.82,26/03/24
M886,North,Kano,Rice,287.5,21/08/24
M887,Central,Ibadan,Sorghum,311.29,21/06/24
M888,South,Kano,Yam,348.15,02/07/24
M889,South,Enugu,Maize,241.99,26/04/24
M890,South,Lagos,Maize,233.71,28/10/24
M891,South,Abuja,Rice,231.88,30/12/24
M892,North,Enugu,Rice,279.39,30/09/24
M893,North,Ibadan,Maize,369.42,04/12/24
M894,North,Abuja,Maize,228.31,01/08/24
M895,West,Abuja,Sorghum,56.06,09/05/24
M896,South,Lagos,Maize,320.72,03/06/24
M897,North,Ibadan,Rice,255.36,14/11/24
M898,South,Enugu,Maize,291.28,18/09/24
M899,Central,Abuja,Rice,125,28/02/24
M900,West,Lagos,Sorghum,207.68,12/04/24
M901,Central,Lagos,Rice,313.54,26/12/24
M902,East,Lagos,Maize,149.66,07/10/24
M903,South,Enugu,Rice,287.31,30/04/24
M904,North,Abuja,Maize,247.15,20/10/24
M905,West,Lagos,Maize,191.23,18/09/24
M906,North,Kano,Cassava,185.18,21/08/24
M907,East,Enugu,Maize,168.73,21/02/24
M908,North,Kano,Rice,254.93,12/12/24
M909,West,Abuja,Maize,264.12,24/01/24
M910,South,Lagos,Rice,220.64,02/07/24
M911,Central,Kano,Maize,164.23,09/07/24
M912,South,Abuja,Yam,16.29,23/07/24
M913,East,Enugu,Yam,284.92,03/08/24
M914,South,Abuja,Cassava,322.31,22/12/24
M915,North,Lagos,Maize,299.53,01/08/24
M916,West,Ibadan,Yam,414.6,02/04/24
M917,West,Kano,Sorghum,235.37,15/01/24
M918,South,Enugu,Yam,359.99,27/02/24
M919,West,Abuja,Maize,198.32,13/05/24
M920,East,Abuja,Sorghum,186.06,22/10/24
M921,Central,Lagos,Rice,259.81,22/09/24
M922,Central,Abuja,Yam,379.97,04/12/24
M923,South,Enugu,Rice,226.66,05/12/24
M924,West,Lagos,Sorghum,124.94,09/11/24
M925,North,Lagos,Sorghum,320.65,28/08/24
M926,South,Abuja,Yam,243.77,13/06/24
M927,East,Kano,Maize,273.9,16/09/24
M928,Central,Enugu,Yam,189.86,30/04/24
M929,West,Enugu,Sorghum,259.06,17/08/24
M930,West,Enugu,Rice,134.94,01/03/24
M931,North,Abuja,Yam,399.86,30/07/24
M932,Central,Ibadan,Maize,336.4,16/02/24
M933,Central,Kano,Sorghum,255.43,14/10/24
M934,West,Kano,Rice,318.22,28/01/24
M935,West,Kano,Sorghum,198.52,13/11/24
M936,West,Kano,Yam,332.4,28/02/24
M937,South,Abuja,Rice,223.22,30/06/24
M938,East,Ibadan,Sorghum,217.71,10/07/24
M939,North,Abuja,Cassava,173.59,09/09/24
M940,West,Abuja,Rice,283.89,08/11/24
M941,South,Abuja,Yam,251.94,20/04/24
M942,South,Kano,Maize,362.98,31/07/24
M943,Central,Abuja,Yam,165.01,22/08/24
M944,Central,Ibadan,Cassava,284.26,12/09/24
M945,Central,Abuja,Sorghum,344.99,09/08/24
M946,West,Ibadan,Cassava,457.17,20/12/24
M947,South,Lagos,Maize,265.55,17/07/24
M948,Central,Ibadan,Rice,221.75,15/09/24
M949,West,Ibadan,Cassava,263.48,20/05/24
M950,East,Kano,Yam,355.41,09/03/24
M951,West,Ibadan,Sorghum,355.37,02/06/24
M952,Central,Kano,Sorghum,240.55,19/11/24
M953,South,Lagos,Sorghum,353.76,31/12/24
M954,East,Lagos,Cassava,248.17,14/09/24
M955,East,Abuja,Rice,317.25,14/10/24
M956,Central,Ibadan,Yam,293.74,11/12/24
M957,Central,Kano,Yam,218.66,07/01/24
M958,North,Abuja,Yam,176.21,15/03/24
M959,North,Lagos,Rice,347.37,23/03/24
M960,East,Lagos,Maize,371.71,19/12/24
M961,South,Ibadan,Maize,282.3,02/07/24
M962,North,Ibadan,Sorghum,248.06,24/04/24
M963,Central,Enugu,Cassava,155.68,18/09/24
M964,East,Abuja,Yam,345.01,17/07/24
M965,East,Ibadan,Maize,272.66,07/01/24
M966,East,Lagos,Sorghum,229.29,14/08/24
M967,East,Ibadan,Sorghum,319.7,04/11/24
M968,South,Kano,Yam,142.32,31/03/24
M969,North,Lagos,Cassava,,20/09/24
M970,West,Abuja,Yam,195.78,22/05/24
M971,East,Lagos,Cassava,291.11,26/10/24
M972,North,Kano,Yam,264.37,29/12/24
M973,North,Lagos,Rice,300.78,01/11/24
M974,Central,Kano,Yam,338.78,20/10/24
M975,East,Abuja,Rice,303.81,26/09/24
M976,South,Ibadan,Maize,401.99,15/09/24
M977,West,Ibadan,Sorghum,338.57,25/07/24
M978,East,Lagos,Cassava,240.37,05/12/24
M979,East,Kano,Rice,207.17,21/04/24
M980,Central,Enugu,Sorghum,242.76,28/11/24
M981,North,Kano,Yam,306.76,03/05/24
M982,Central,Ibadan,Cassava,215.16,21/01/24
M983,East,Enugu,Maize,,16/07/24
M984,Central,Kano,Maize,299.23,21/09/24
M985,Central,Ibadan,Yam,175.16,06/09/24
M986,East,Lagos,Rice,336.88,20/09/24
M987,North,Lagos,Sorghum,279.38,30/09/24
M988,North,Lagos,Cassava,397.05,16/12/24
M989,North,Lagos,Sorghum,248.45,25/12/24
M990,West,Abuja,Cassava,225.75,13/01/24
M991,East,Abuja,Maize,165.71,07/02/24
M992,South,Kano,Sorghum,,06/02/24
M993,South,Kano,Yam,326.02,17/07/24
M994,West,Enugu,Rice,386.85,09/01/24
M995,North,Ibadan,Maize,241.64,24/11/24
M996,Central,Abuja,Sorghum,,24/01/24
M997,North,Kano,Sorghum,255.6,24/02/24
M998,East,Ibadan,Maize,342.95,24/05/24
M999,West,Enugu,Maize,175.81,30/08/24
M1000,Central,Lagos,Cassava,269.07,19/07/24
